#link,coreId1,coreId2,cluster1,cluster2,linkType,eucDist,lcDist,eucAdj,cwdAdj,lcpLength,cwdToEucRatio,cwdToPathRatio
1,3,12,-1,-1,1,602,5241.421387,1,1,741,8.706680044,7.073443167
2,3,16,-1,-1,-15,688,7121.320313,1,1,3397,10.35075627,2.0963557
3,3,18,-1,-1,-15,692,3169.23877,1,1,1065,4.579824811,2.975811051
4,3,42,-1,-1,1,427,2444.974854,1,1,582,5.725936425,4.200987721
5,4,5,-1,-1,1,102,362.1320496,1,1,241,3.550314211,1.502622612
6,4,6,-1,-1,-15,907,1752.081543,1,1,1489,1.931732682,1.176683373
7,4,7,-1,-1,-15,704,1462.13208,1,1,941,2.076892159,1.553806674
8,4,10,-1,-1,-15,537,844.9747314,1,0,724,1.573509742,1.167092171
9,4,12,-1,-1,-15,4306,32391.7793,1,0,5579,7.522475452,5.806018874
10,4,13,-1,-1,1,137,362.1320496,1,1,241,2.643299632,1.502622612
11,5,7,-1,-1,1,544,1100,1,1,700,2.022058824,1.571428571
12,5,13,-1,-1,1,200,562.132019,1,1,341,2.810660095,1.648480994
13,6,8,-1,-1,1,100,141.4213562,1,1,141,1.414213562,1.002988342
14,6,9,-1,-1,-15,262,503.5534058,1,1,382,1.921959564,1.318202633
15,6,10,-1,-1,-15,407,807.1068115,1,1,665,1.983063419,1.213694453
16,6,12,-1,-1,-15,3398,31012.48828,1,0,4338,9.126688723,7.14902911
17,6,13,-1,-1,-15,650,1107.106812,0,1,965,1.703241248,1.147260945
18,6,17,-1,-1,1,144,362.1320496,1,1,241,2.5148059,1.502622612
19,7,12,-1,-1,-11,5057,-1,1,0,-1,-1,-1
20,7,13,-1,-1,1,802,1527.817505,1,1,924,1.905009358,1.653482148
21,7,29,-1,-1,1,941,17065.17969,1,1,1307,18.13515376,13.05675569
22,8,9,-1,-1,1,136,362.1320496,1,1,241,2.662735659,1.502622612
23,8,17,-1,-1,1,180,500,1,1,300,2.777777778,1.666666667
24,9,12,-1,-1,1,3001,30408.93555,1,0,3855,10.1329342,7.888180427
25,9,17,-1,-1,1,151,362.1320496,1,1,241,2.398225494,1.502622612
26,9,50,-1,-1,1,2435,28024.47266,1,1,2662,11.50902368,10.52760055
27,10,13,-1,-1,1,78,200,1,1,200,2.564102564,1
28,10,17,-1,-1,1,100,141.4213562,1,1,141,1.414213562,1.002988342
29,12,14,-1,-1,1,167,241.4213562,1,1,241,1.445636863,1.001748366
30,12,16,-1,-1,-15,761,2865.685547,1,1,1165,3.76568403,2.45981592
31,12,20,-1,-1,-15,1123,5089.949707,1,1,1889,4.532457442,2.694520755
32,12,43,-1,-1,-15,1488,3117.766846,1,1,1789,2.095273418,1.742742787
33,12,50,-1,-1,1,1197,2517.766846,1,1,1389,2.103397532,1.812647117
34,13,17,-1,-1,1,195,241.4213562,1,1,241,1.238058237,1.001748366
35,13,29,-1,-1,-15,1923,19375.83984,1,1,3014,10.07583975,6.428613087
36,14,16,-1,-1,1,317,2100,1,1,400,6.624605678,5.25
37,14,20,-1,-1,-15,377,4324.26416,1,1,1124,11.47019671,3.847210107
38,16,18,-1,-1,-15,529,3227.817383,1,1,1607,6.101734183,2.008598247
39,16,20,-1,-1,1,197,1800,1,1,300,9.137055838,6
40,17,29,-1,-1,-15,2311,19900.10547,1,1,3538,8.611036551,5.624676503
41,17,50,-1,-1,1,2171,28141.63086,1,1,2721,12.96251997,10.34238547
42,17,82,-1,-1,-15,3889,24721.42578,1,1,7411,6.356756436,3.33577463
43,17,367,-1,-1,-11,5220,-1,0,1,-1,-1,-1
44,18,20,-1,-1,1,96,362.1320496,1,1,241,3.77220885,1.502622612
45,18,23,-1,-1,1,100,141.4213562,1,1,141,1.414213562,1.002988342
46,18,42,-1,-1,1,33,200,1,1,200,6.060606061,1
47,20,23,-1,-1,1,145,300,1,1,200,2.068965517,1.5
48,20,42,-1,-1,-15,308,603.5534058,1,1,482,1.95958898,1.252185489
49,20,43,-1,-1,-15,1959,9107.716797,1,1,4579,4.649166308,1.989018737
50,21,42,-1,-1,1,177,500,1,1,300,2.824858757,1.666666667
51,21,145,-1,-1,-15,1889,10601.8291,1,1,2614,5.612402912,4.055787721
52,23,42,-1,-1,1,144,300,1,1,200,2.083333333,1.5
53,25,29,-1,-1,-15,1072,3242.031006,1,0,2214,3.024282655,1.464331981
54,25,82,-1,-1,1,157,241.4213562,1,1,241,1.537715645,1.001748366
55,26,27,-1,-1,1,102,300,1,1,200,2.941176471,1.5
56,26,82,-1,-1,1,174,500,1,1,300,2.873563218,1.666666667
57,27,82,-1,-1,1,93,300,1,1,200,3.225806452,1.5
58,29,82,-1,-1,1,643,1755.634888,1,1,807,2.730380852,2.175507915
59,42,43,-1,-1,-15,2792,10776.95508,1,1,6128,3.859940931,1.758641494
60,42,47,-1,-1,1,287,7666.294922,1,1,824,26.711829,9.303755973
61,42,66,-1,-1,-11,8544,-1,1,0,-1,-1,-1
62,42,67,-1,-1,-11,6661,-1,1,0,-1,-1,-1
63,42,80,-1,-1,-15,4819,23828.53125,0,1,8498,4.944704555,2.804016386
64,42,89,-1,-1,-15,1840,10001.21973,0,1,2897,5.435445504,3.452267769
65,42,145,-1,-1,-15,312,8231.980469,1,1,1248,26.38455278,6.596138196
66,43,47,-1,-1,-15,2966,19363.96094,1,0,7994,6.528644955,2.422311851
67,43,49,-1,-1,1,190,500,1,1,300,2.631578947,1.666666667
68,43,50,-1,-1,1,73,300,1,1,200,4.109589041,1.5
69,43,74,-1,-1,-15,993,8915.432617,0,1,1289,8.978280581,6.916549742
70,43,78,-1,-1,-15,1612,9963.960938,1,1,2338,6.181117207,4.261745482
71,43,89,-1,-1,-15,3846,21698.88477,0,1,10066,5.641935716,2.155661113
72,47,78,-1,-1,-15,3446,30745.08008,1,0,11691,8.921961717,2.629807551
73,47,145,-1,-1,1,182,424.2640686,1,1,282,2.331121256,1.504482513
74,49,50,-1,-1,1,157,362.1320496,1,1,241,2.306573564,1.502622612
75,49,51,-1,-1,1,100,141.4213562,1,1,141,1.414213562,1.002988342
76,49,74,-1,-1,-15,499,8249.74707,1,1,765,16.53255926,10.7839831
77,49,78,-1,-1,-15,1204,9298.275391,1,0,1814,7.722820092,5.125840899
78,50,51,-1,-1,1,100,141.4213562,1,1,141,1.414213562,1.002988342
79,50,55,-1,-1,-15,282,8008.326172,1,1,524,28.39831976,15.28306521
80,50,74,-1,-1,-15,406,8149.747559,1,1,665,20.07326985,12.25525949
81,50,82,-1,-1,-15,4811,42674.11719,1,0,22982,8.870113737,1.856849586
82,50,367,-1,-1,-15,4911,27658.07422,1,1,8369,5.631861987,3.304824258
83,51,55,-1,-1,1,280,7866.904785,1,1,382,28.09608852,20.59399158
84,51,74,-1,-1,-15,328,8008.326172,1,1,524,24.41562857,15.28306521
85,55,74,-1,-1,1,100,141.4213562,1,1,141,1.414213562,1.002988342
86,61,63,-1,-1,1,100,141.4213562,1,1,141,1.414213562,1.002988342
87,61,66,-1,-1,1,100,141.4213562,1,1,141,1.414213562,1.002988342
88,61,67,-1,-1,-15,1985,25930.86523,0,1,2655,13.06340818,9.766804231
89,63,66,-1,-1,-15,141,282.8427124,1,1,282,2.005976684,1.002988342
90,63,67,-1,-1,1,1752,25689.44531,1,1,2414,14.66292541,10.64185804
91,63,86,-1,-1,1,1405,15498.27539,1,1,2772,11.03080099,5.591008438
92,63,87,-1,-1,-15,1351,16198.27539,1,1,3172,11.98984115,5.106644196
93,63,88,-1,-1,-15,1219,17222.53906,1,1,3755,14.12841597,4.586561668
94,64,82,-1,-1,1,65,300,1,1,200,4.615384615,1.5
95,66,67,-1,-1,-15,2095,26072.28711,1,0,2797,12.44500578,9.321518452
96,66,86,-1,-1,1,1317,14774.01172,1,1,2048,11.21792841,7.21387291
97,66,87,-1,-1,-15,1431,15474.01172,1,0,2448,10.81342538,6.321083218
98,66,109,-1,-1,1,2596,15640.91602,1,1,3179,6.025006169,4.920074242
99,67,69,-1,-1,1,100,141.4213562,1,1,141,1.414213562,1.002988342
100,67,88,-1,-1,-15,1386,9842.640625,1,1,5387,7.101472312,1.827109825
101,67,145,-1,-1,-15,3358,13968.12402,1,0,4711,4.159655754,2.965001915
102,69,80,-1,-1,1,1475,3397.056396,1,1,1765,2.303089082,1.924677845
103,69,83,-1,-1,-15,1268,4949.137695,1,0,3197,3.903105438,1.548056833
104,69,88,-1,-1,-15,1311,9559.797852,1,1,5104,7.291989208,1.873001146
105,69,100,-1,-1,1,1345,3662.741699,1,0,2031,2.723228029,1.803417873
106,69,145,-1,-1,-15,3121,13685.28125,1,0,4428,4.384902675,3.090623589
107,74,78,-1,-1,1,100,141.4213562,1,1,141,1.414213562,1.002988342
108,74,84,-1,-1,1,795,900,1,1,900,1.132075472,1
109,74,92,-1,-1,1,1015,1141.421387,1,1,1141,1.12455309,1.000369314
110,74,121,-1,-1,-15,4095,20694.72266,1,1,7287,5.053656326,2.839950961
111,74,367,-1,-1,-15,4624,18642.64063,1,1,6838,4.031712938,2.726329427
112,76,79,-1,-1,1,102,362.1320496,1,1,241,3.550314211,1.502622612
113,76,82,-1,-1,1,923,1227.817505,1,1,1107,1.330246484,1.109139571
114,76,367,-1,-1,-15,223,503.5534058,1,1,382,2.258087021,1.318202633
115,78,84,-1,-1,1,510,724.2640991,1,1,724,1.420125685,1.000364778
116,78,89,-1,-1,-15,3292,33080.00391,1,1,13763,10.04860386,2.403546022
117,78,92,-1,-1,1,652,924.2640991,1,1,924,1.417582974,1.000285822
118,78,94,-1,-1,-15,3102,34835.63672,1,1,15095,11.23005697,2.307759968
119,78,145,-1,-1,-15,3431,31310.76563,1,0,12115,9.125842502,2.584462701
120,79,367,-1,-1,1,100,141.4213562,1,1,141,1.414213562,1.002988342
121,80,83,-1,-1,-15,751,1586.396118,1,1,1465,2.11237832,1.082864244
122,80,88,-1,-1,-15,2357,6197.056152,0,1,3372,2.629213472,1.837798384
123,80,100,-1,-1,1,111,200,1,1,200,1.801801802,1
124,80,145,-1,-1,-15,1314,10056.85449,1,1,2431,7.653618335,4.136920811
125,81,82,-1,-1,1,98,300,1,1,200,3.06122449,1.5
126,81,95,-1,-1,1,674,4583.452148,1,1,924,6.800374107,4.960446048
127,81,96,-1,-1,1,994,5327.817383,1,1,1324,5.359977246,4.024031256
128,81,367,-1,-1,-15,882,1348.528198,1,1,1107,1.528943535,1.218182654
129,82,95,-1,-1,1,987,4928.427246,1,0,1107,4.993340675,4.452057133
130,82,96,-1,-1,-15,905,4417.76709,1,1,3755,4.881510597,1.176502554
131,82,367,-1,-1,1,79,300,1,1,200,3.797468354,1.5
132,83,90,-1,-1,1,100,141.4213562,1,1,141,1.414213562,1.002988342
133,83,100,-1,-1,-15,253,503.5534058,1,1,382,1.990329667,1.318202633
134,84,92,-1,-1,1,193,282.8427124,1,1,282,1.465506282,1.002988342
135,85,91,-1,-1,1,100,141.4213562,1,1,141,1.414213562,1.002988342
136,85,367,-1,-1,1,75,300,1,1,200,4,1.5
137,86,87,-1,-1,1,280,700,1,1,400,2.5,1.75
138,86,109,-1,-1,1,1976,15231.37109,1,1,2707,7.708183752,5.626660914
139,86,141,-1,-1,-15,2740,15608.93555,1,1,4579,5.696691805,3.408808811
140,87,88,-1,-1,1,436,1024.264038,1,1,582,2.349229445,1.759903846
141,87,141,-1,-1,-15,2552,14908.93555,1,1,4179,5.842059384,3.567584481
142,88,100,-1,-1,1,978,4086.395996,1,1,1282,4.178319014,3.187516378
143,88,141,-1,-1,-15,2253,13001.8291,1,1,2714,5.770896184,4.790651843
144,89,94,-1,-1,1,385,907.1068115,1,1,524,2.356121588,1.731119869
145,89,118,-1,-1,-15,598,982.8427124,1,1,782,1.643549686,1.256832113
146,89,145,-1,-1,1,88,300,1,1,200,3.409090909,1.5
147,90,100,-1,-1,1,94,300,1,1,200,3.191489362,1.5
148,91,107,-1,-1,1,100,141.4213562,1,1,141,1.414213562,1.002988342
149,91,367,-1,-1,1,72,300,1,1,200,4.166666667,1.5
150,92,93,-1,-1,1,116,500,1,1,200,4.310344828,2.5
151,92,94,-1,-1,-15,2772,35835.63672,1,1,16095,12.92771887,2.226507407
152,92,114,-1,-1,-15,2167,32848.12891,1,1,2938,15.15834283,11.1804387
153,92,121,-1,-1,-15,3337,19411.87891,1,1,6004,5.817164791,3.233157713
154,92,130,-1,-1,1,2972,15101.21973,1,1,3514,5.081164107,4.29744443
155,93,114,-1,-1,1,1989,32348.12695,1,1,2738,16.2635128,11.81450948
156,93,130,-1,-1,1,3012,15740.30664,1,1,3721,5.225865419,4.230128095
157,94,114,-1,-1,1,2364,23645.68945,1,1,3255,10.00240671,7.264420723
158,94,118,-1,-1,-15,916,2472.792236,1,1,1889,2.699554843,1.309048299
159,95,367,-1,-1,1,172,300,1,1,200,1.744186047,1.5
160,96,111,-1,-1,-15,1035,2127.817383,1,1,1907,2.055862206,1.115793069
161,96,367,-1,-1,1,195,362.1320496,1,1,241,1.857087434,1.502622612
162,97,99,-1,-1,1,67,300,1,1,200,4.47761194,1.5
163,97,107,-1,-1,1,155,362.1320496,1,1,241,2.336335804,1.502622612
164,97,108,-1,-1,1,214,424.2640686,1,1,282,1.982542377,1.504482513
165,99,107,-1,-1,1,277,500,1,1,300,1.805054152,1.666666667
166,99,108,-1,-1,1,213,500,1,1,300,2.34741784,1.666666667
167,99,367,-1,-1,1,21,300,1,1,200,14.28571429,1.5
168,100,103,-1,-1,1,100,141.4213562,1,1,141,1.414213562,1.002988342
169,100,141,-1,-1,1,288,7183.452148,1,1,341,24.94254218,21.06584208
170,100,145,-1,-1,1,416,8149.747559,1,1,524,19.59073932,15.55295336
171,103,141,-1,-1,-15,272,7724.873535,1,1,882,28.40027035,8.758360017
172,103,145,-1,-1,1,432,8149.747559,1,1,524,18.86515639,15.55295336
173,106,112,-1,-1,1,100,141.4213562,1,1,141,1.414213562,1.002988342
174,106,118,-1,-1,-15,662,1586.396118,1,1,1165,2.396368759,1.361713406
175,106,145,-1,-1,1,184,424.2640686,1,1,282,2.305782982,1.504482513
176,107,108,-1,-1,1,100,141.4213562,1,1,141,1.414213562,1.002988342
177,107,367,-1,-1,1,75,300,1,1,200,4,1.5
178,108,367,-1,-1,1,113,362.1320496,1,1,241,3.204708403,1.502622612
179,109,141,-1,-1,-15,3342,30840.30664,1,1,7287,9.228098935,4.232236399
180,109,160,-1,-1,1,1116,13943.86035,1,1,1489,12.49449852,9.364580491
181,110,121,-1,-1,1,848,3962.741699,1,1,1207,4.673044457,3.283133139
182,110,129,-1,-1,1,1302,3038.477539,0,1,1589,2.333700107,1.912194801
183,110,131,-1,-1,1,1320,3438.477539,1,1,1789,2.604907227,1.922010922
184,110,137,-1,-1,-15,1714,13305.38281,1,1,11515,7.762767102,1.155482658
185,110,139,-1,-1,-15,2062,12474.62109,1,0,5776,6.049767747,2.159733569
186,110,142,-1,-1,-15,2155,12033.2002,1,0,5335,5.583851599,2.255520187
187,110,367,-1,-1,-15,861,5387.005859,1,1,3597,6.256685086,1.497638549
188,111,367,-1,-1,1,12,300,1,1,200,25,1.5
189,112,118,-1,-1,-15,785,1665.685425,1,1,1265,2.121892261,1.316747371
190,112,145,-1,-1,1,83,300,1,1,200,3.614457831,1.5
191,114,118,-1,-1,-15,1612,18734.41992,1,1,2497,11.62184859,7.502771294
192,114,124,-1,-1,1,468,1107.106812,1,1,624,2.365612845,1.774209634
193,114,130,-1,-1,1,2770,29956.95898,1,1,4021,10.81478664,7.450126582
194,114,152,-1,-1,1,2185,29603.76172,1,1,2621,13.54863237,11.29483469
195,118,124,-1,-1,1,1180,17544.46875,1,1,1831,14.86819386,9.58190538
196,118,145,-1,-1,1,62,300,1,1,200,4.838709677,1.5
197,120,121,-1,-1,1,90,300,1,1,200,3.333333333,1.5
198,120,128,-1,-1,1,621,3252.691162,1,1,707,5.237827958,4.600694713
199,120,130,-1,-1,-15,1073,3956.244629,1,0,1289,3.687087259,3.069235554
200,120,146,-1,-1,1,268,2314.213623,1,1,382,8.635125459,6.058150846
201,121,128,-1,-1,-15,892,3107.106689,0,1,1365,3.483303464,2.276268637
202,121,129,-1,-1,1,417,2444.974854,1,1,582,5.863249049,4.200987721
203,121,130,-1,-1,-15,1318,3769.23877,1,1,1948,2.859816972,1.9349275
204,121,131,-1,-1,-15,738,2948.528076,1,0,965,3.995295496,3.055469509
205,121,146,-1,-1,1,261,1962.13208,1,1,341,7.517747433,5.754053021
206,121,367,-1,-1,-15,1609,4127.817383,1,1,2407,2.565455179,1.714922054
207,122,137,-1,-1,-15,668,1807.106812,1,1,1365,2.705249718,1.323887774
208,122,367,-1,-1,1,326,762.132019,1,1,441,2.337828279,1.728190519
209,123,134,-1,-1,1,100,141.4213562,1,1,141,1.414213562,1.002988342
210,123,367,-1,-1,1,63,300,1,1,200,4.761904762,1.5
211,124,145,-1,-1,1,2261,20195.94141,1,1,3038,8.932304912,6.647775315
212,124,152,-1,-1,1,2153,29741.63086,1,1,2679,13.81404127,11.10176591
213,125,137,-1,-1,1,80,300,1,1,200,3.75,1.5
214,125,367,-1,-1,-15,598,1065.685425,1,1,724,1.78208265,1.471941194
215,128,130,-1,-1,-15,379,703.5534058,1,1,582,1.85634144,1.208854649
216,128,135,-1,-1,1,89,362.1320496,1,1,241,4.068899433,1.502622612
217,128,146,-1,-1,1,129,362.1320496,1,1,241,2.80722519,1.502622612
218,129,131,-1,-1,1,102,362.1320496,1,1,241,3.550314211,1.502622612
219,129,146,-1,-1,1,134,362.1320496,1,1,241,2.702477982,1.502622612
220,130,132,-1,-1,1,100,141.4213562,1,1,141,1.414213562,1.002988342
221,130,135,-1,-1,1,100,141.4213562,1,1,141,1.414213562,1.002988342
222,130,136,-1,-1,-15,258,503.5534058,1,0,382,1.951757387,1.318202633
223,130,152,-1,-1,1,111,300,1,1,200,2.702702703,1.5
224,131,137,-1,-1,-15,2663,10097.66602,0,1,9476,3.791838534,1.065604265
225,131,139,-1,-1,-15,2173,9266.904297,0,1,3738,4.264567095,2.479107624
226,131,142,-1,-1,-15,1882,8825.483398,1,1,3297,4.689417321,2.676822384
227,131,146,-1,-1,-15,381,824.2640991,1,1,582,2.163422832,1.416261339
228,131,147,-1,-1,-15,2322,5224.873535,0,1,3897,2.250160868,1.340742503
229,132,136,-1,-1,1,140,362.1320496,1,1,241,2.586657497,1.502622612
230,132,152,-1,-1,1,124,362.1320496,1,1,241,2.920419755,1.502622612
231,133,134,-1,-1,1,100,141.4213562,1,1,141,1.414213562,1.002988342
232,133,367,-1,-1,1,113,362.1320496,1,1,241,3.204708403,1.502622612
233,134,367,-1,-1,1,108,300,1,1,200,2.777777778,1.5
234,135,146,-1,-1,1,136,362.1320496,1,1,241,2.662735659,1.502622612
235,135,152,-1,-1,1,145,300,1,1,200,2.068965517,1.5
236,136,152,-1,-1,1,70,300,1,1,200,4.285714286,1.5
237,137,138,-1,-1,1,107,241.4213562,1,1,241,2.256274357,1.001748366
238,137,139,-1,-1,-15,1367,2489.949463,1,1,1848,1.82146998,1.34737525
239,137,367,-1,-1,1,117,300,1,1,200,2.564102564,1.5
240,138,367,-1,-1,1,200,562.132019,1,1,341,2.810660095,1.648480994
241,139,142,-1,-1,1,100,141.4213562,1,1,141,1.414213562,1.002988342
242,139,367,-1,-1,1,599,1262.13208,1,1,741,2.107065242,1.703282159
243,141,145,-1,-1,1,266,6700,1,1,400,25.18796992,16.75
244,141,155,-1,-1,-15,1915,10598.27539,0,1,2872,5.534347462,3.690207309
245,141,160,-1,-1,-15,4470,46332.69531,1,1,10325,10.36525622,4.487428117
246,141,167,-1,-1,1,670,8549.74707,1,1,924,12.76081652,9.25297302
247,142,146,-1,-1,1,1488,6756.244629,1,0,1648,4.540486982,4.099663003
248,142,147,-1,-1,1,1118,5066.904785,1,1,1614,4.532115192,3.139346211
249,142,367,-1,-1,1,835,1503.553345,1,1,982,1.800662688,1.531113386
250,145,152,-1,-1,1,3831,34390.05469,1,1,5128,8.976782743,6.706328917
251,145,155,-1,-1,-15,2508,19595.94141,1,1,4928,7.813373766,3.976449149
252,145,158,-1,-1,-15,2719,19878.78516,1,0,5211,7.311064787,3.814773586
253,145,167,-1,-1,-15,1938,17547.41406,1,0,2979,9.054393221,5.890370615
254,145,168,-1,-1,1,3471,46205.38281,1,1,3789,13.31183602,12.19461146
255,145,179,-1,-1,-15,3414,22872.89648,1,1,6042,6.69973535,3.785649865
256,145,180,-1,-1,1,3718,34333.91406,1,1,4511,9.234511582,7.611153638
257,145,188,-1,-1,-15,3016,46946.80469,1,1,4431,15.56591667,10.59508118
258,146,147,-1,-1,-15,1031,3138.477539,1,1,2231,3.044110125,1.406758198
259,146,152,-1,-1,1,100,141.4213562,1,1,141,1.414213562,1.002988342
260,146,367,-1,-1,1,87,300,1,1,200,3.448275862,1.5
261,147,367,-1,-1,1,509,1107.106812,1,1,624,2.175062498,1.774209634
262,148,150,-1,-1,1,243,624.2640991,1,1,382,2.568988062,1.634199212
263,148,167,-1,-1,1,64,300,1,1,200,4.6875,1.5
264,149,160,-1,-1,1,328,824.2640991,1,1,482,2.513000302,1.710091492
265,149,175,-1,-1,1,1855,11595.94141,1,0,2107,6.251181351,5.503531754
266,150,155,-1,-1,-15,487,1103.553345,1,1,782,2.266023295,1.411193535
267,150,167,-1,-1,1,123,362.1320496,1,1,241,2.944163005,1.502622612
268,152,153,-1,-1,1,128,300,1,1,200,2.34375,1.5
269,152,180,-1,-1,1,186,300,1,1,200,1.612903226,1.5
270,152,367,-1,-1,1,112,300,1,1,200,2.678571429,1.5
271,153,180,-1,-1,1,80,300,1,1,200,3.75,1.5
272,153,367,-1,-1,1,91,300,1,1,200,3.296703297,1.5
273,155,157,-1,-1,1,100,141.4213562,1,1,141,1.414213562,1.002988342
274,155,158,-1,-1,-15,141,282.8427124,1,1,282,2.005976684,1.002988342
275,155,167,-1,-1,1,82,300,1,1,200,3.658536585,1.5
276,155,179,-1,-1,-15,1110,3811.269775,0,1,1348,3.433576374,2.827351465
277,157,158,-1,-1,1,100,141.4213562,1,1,141,1.414213562,1.002988342
278,157,167,-1,-1,1,62,362.1320496,1,1,241,5.840839509,1.502622612
279,157,179,-1,-1,-15,973,3669.848389,0,1,1207,3.771683853,3.04047091
280,158,167,-1,-1,1,69,362.1320496,1,1,241,5.248290573,1.502622612
281,158,179,-1,-1,-15,850,3528.427246,1,1,1065,4.151090878,3.313077226
282,159,163,-1,-1,1,100,141.4213562,1,1,141,1.414213562,1.002988342
283,159,367,-1,-1,1,68,300,1,1,200,4.411764706,1.5
284,160,167,-1,-1,-15,4708,57661.73047,1,1,13949,12.2476063,4.133753708
285,160,175,-1,-1,1,1189,11120.20605,1,1,1689,9.352570273,6.583899381
286,160,205,-1,-1,-11,5968,-1,1,1,-1,-1,-1
287,161,163,-1,-1,-15,253,1544.974731,1,1,882,6.106619492,1.751672031
288,161,166,-1,-1,1,196,462.1320496,1,1,341,2.357816579,1.355225952
289,161,367,-1,-1,1,235,500,1,1,300,2.127659574,1.666666667
290,162,163,-1,-1,1,119,300,1,1,200,2.521008403,1.5
291,162,164,-1,-1,1,100,141.4213562,1,1,141,1.414213562,1.002988342
292,162,202,-1,-1,1,133,362.1320496,1,1,241,2.722797365,1.502622612
293,162,367,-1,-1,1,100,141.4213562,1,1,141,1.414213562,1.002988342
294,163,164,-1,-1,1,137,362.1320496,1,1,241,2.643299632,1.502622612
295,163,166,-1,-1,-15,328,1544.974731,1,1,982,4.710288815,1.573294024
296,163,202,-1,-1,1,266,562.132019,1,1,341,2.113278267,1.648480994
297,163,367,-1,-1,1,62,300,1,1,200,4.838709677,1.5
298,164,202,-1,-1,1,120,362.1320496,1,1,241,3.01776708,1.502622612
299,165,168,-1,-1,1,222,562.132019,1,1,341,2.532126212,1.648480994
300,165,172,-1,-1,1,360,824.2640991,1,1,482,2.289622498,1.710091492
301,165,180,-1,-1,1,925,11062.13184,1,1,1141,11.95906144,9.695119926
302,165,188,-1,-1,1,406,807.1068115,1,1,524,1.987947812,1.540280175
303,166,195,-1,-1,1,271,700,1,1,400,2.58302583,1.75
304,166,202,-1,-1,-15,297,2931.37085,1,1,2148,9.869935521,1.364697788
305,166,367,-1,-1,1,97,300,1,1,200,3.092783505,1.5
306,167,178,-1,-1,-15,1738,4452.691406,1,1,2189,2.561962834,2.034121245
307,167,179,-1,-1,1,294,2687.005859,1,1,424,9.139475712,6.33727797
308,167,183,-1,-1,-15,1806,4752.691406,1,1,2389,2.631612074,1.989406198
309,167,203,-1,-1,-15,2613,27365.28516,1,0,4528,10.47274595,6.043570043
310,167,205,-1,-1,-15,3274,36666.50391,1,1,8749,11.19929869,4.190936553
311,167,206,-1,-1,-15,2719,27506.70703,1,1,4669,10.11647923,5.89134869
312,167,208,-1,-1,-15,3381,36525.08203,1,1,8608,10.80304112,4.24315544
313,167,214,-1,-1,-15,3379,34717.97656,1,0,7042,10.27463053,4.930130157
314,167,215,-1,-1,-15,3505,34776.55469,0,1,7101,9.921984219,4.897416517
315,168,170,-1,-1,1,100,141.4213562,1,1,141,1.414213562,1.002988342
316,168,172,-1,-1,1,599,1327.817505,0,1,724,2.216723714,1.834002079
317,168,180,-1,-1,-15,1358,11724.26367,1,1,1582,8.633478403,7.411038984
318,168,188,-1,-1,1,232,400,1,1,300,1.724137931,1.333333333
319,170,188,-1,-1,1,87,300,1,1,200,3.448275862,1.5
320,172,180,-1,-1,1,407,10062.13184,1,1,641,24.72268264,15.69755357
321,172,181,-1,-1,-15,553,2114.213623,1,1,1448,3.823171109,1.460092281
322,172,188,-1,-1,1,361,1572.792236,1,1,907,4.356765198,1.734059798
323,172,194,-1,-1,-15,931,18494.82617,1,1,2455,19.86554906,7.533534082
324,173,182,-1,-1,-15,784,3169.23877,1,1,2748,4.04239639,1.153289217
325,173,202,-1,-1,1,100,141.4213562,1,1,141,1.414213562,1.002988342
326,174,190,-1,-1,1,102,300,1,1,200,2.941176471,1.5
327,174,367,-1,-1,1,100,141.4213562,1,1,141,1.414213562,1.002988342
328,175,196,-1,-1,1,817,4462.131836,1,1,941,5.461605674,4.741904183
329,175,204,-1,-1,-15,1993,14521.32031,1,0,2265,7.286161722,6.411178946
330,175,205,-1,-1,-11,6232,-1,1,1,-1,-1,-1
331,177,189,-1,-1,1,44,300,1,1,200,6.818181818,1.5
332,177,195,-1,-1,1,100,141.4213562,1,1,141,1.414213562,1.002988342
333,177,367,-1,-1,1,84,300,1,1,200,3.571428571,1.5
334,178,179,-1,-1,1,100,141.4213562,1,1,141,1.414213562,1.002988342
335,178,183,-1,-1,1,54,300,1,1,200,5.555555556,1.5
336,179,183,-1,-1,-15,181,441.4213562,1,1,341,2.438792023,1.294490781
337,179,184,-1,-1,-15,2103,26350.46094,0,1,4569,12.52993863,5.76722717
338,179,188,-1,-1,1,3342,34900.10547,1,1,4162,10.44288015,8.38541698
339,179,191,-1,-1,-15,1510,25660.51172,1,1,3921,16.99371637,6.544379423
340,179,199,-1,-1,-15,1921,24536.24805,1,1,3238,12.77264344,7.577593591
341,180,182,-1,-1,1,106,300,1,1,200,2.830188679,1.5
342,180,185,-1,-1,1,123,362.1320496,1,1,241,2.944163005,1.502622612
343,180,194,-1,-1,1,605,10769.23926,1,1,682,17.80039547,15.7906734
344,180,367,-1,-1,1,22,300,1,1,200,13.63636364,1.5
345,181,188,-1,-1,1,100,141.4213562,1,1,141,1.414213562,1.002988342
346,181,194,-1,-1,1,744,16280.61328,1,1,907,21.88254473,17.94995952
347,182,185,-1,-1,1,100,141.4213562,1,1,141,1.414213562,1.002988342
348,182,194,-1,-1,-15,939,11001.8291,0,1,1265,11.71653791,8.697098104
349,182,202,-1,-1,-15,937,2444.974854,1,1,2124,2.609364838,1.151118104
350,182,220,-1,-1,-15,2749,19399.49414,1,0,8801,7.056927661,2.204237489
351,182,240,-1,-1,-15,2765,19948.02344,1,1,10232,7.214475023,1.949572267
352,182,367,-1,-1,-15,428,841.4213867,1,1,641,1.965937819,1.31266987
353,183,199,-1,-1,1,2096,24032.69531,1,1,2855,11.46598059,8.417756677
354,183,203,-1,-1,1,1882,22550.46094,1,1,2097,11.98217903,10.75367713
355,183,206,-1,-1,-15,2015,22691.88281,0,1,2238,11.2614803,10.13935783
356,183,207,-1,-1,1,1879,22688.33008,1,1,2155,12.07468338,10.52822741
357,183,227,-1,-1,1,2296,29779.49805,1,0,2838,12.97016465,10.49312828
358,184,188,-1,-1,-15,1319,14443.25,1,1,2755,10.95015163,5.242558984
359,184,191,-1,-1,1,100,141.4213562,1,1,141,1.414213562,1.002988342
360,184,193,-1,-1,1,100,141.4213562,1,1,141,1.414213562,1.002988342
361,185,194,-1,-1,1,816,10860.40723,1,1,1124,13.30932258,9.662284009
362,185,220,-1,-1,-15,2798,21055.12891,1,0,10456,7.525063941,2.013688687
363,185,240,-1,-1,-15,2646,21603.6582,1,0,11888,8.164647847,1.817266
364,188,191,-1,-1,-15,1412,14418.98633,1,0,2631,10.21174669,5.480420497
365,188,193,-1,-1,-15,1111,13918.98633,1,1,2231,12.52834053,6.238900192
366,188,194,-1,-1,-15,916,16522.03516,1,1,1148,18.03715628,14.39201669
367,188,198,-1,-1,1,896,12970.45801,1,1,1424,14.4759576,9.108467702
368,188,201,-1,-1,1,713,11887.61523,1,1,882,16.67267214,13.47802181
369,188,217,-1,-1,-15,2354,35328.63672,1,0,4245,15.00791704,8.322411477
370,189,190,-1,-1,1,598,1100,1,1,700,1.839464883,1.571428571
371,189,192,-1,-1,1,143,362.1320496,1,1,241,2.532391955,1.502622612
372,189,195,-1,-1,1,106,300,1,1,200,2.830188679,1.5
373,189,367,-1,-1,1,316,624.2640991,1,1,382,1.975519301,1.634199212
374,190,192,-1,-1,1,1074,1282.842773,1,1,1182,1.194453234,1.085315375
375,190,219,-1,-1,-15,2662,18635.0293,1,1,6001,7.000386663,3.105320663
376,190,228,-1,-1,-15,1662,15389.94922,1,1,2407,9.259897244,6.39383017
377,190,367,-1,-1,1,133,300,1,1,200,2.255639098,1.5
378,191,193,-1,-1,-15,100,282.8427124,1,1,282,2.828427124,1.002988342
379,191,198,-1,-1,-15,554,924.2640991,0,1,682,1.668346749,1.355225952
380,191,199,-1,-1,1,607,1041.421387,1,1,741,1.715685975,1.405426973
381,192,195,-1,-1,1,105,362.1320496,1,1,241,3.448876662,1.502622612
382,192,228,-1,-1,1,959,14107.10645,1,1,1224,14.7102257,11.52541376
383,193,198,-1,-1,1,157,424.2640686,1,1,282,2.702318908,1.504482513
384,193,199,-1,-1,-15,868,1686.396118,1,1,1124,1.942852671,1.500352418
385,193,216,-1,-1,-15,907,9381.118164,1,0,1472,10.34301892,6.373042231
386,193,227,-1,-1,-15,1099,10795.33203,1,0,2745,9.82286809,3.932725694
387,194,201,-1,-1,-15,2121,29592.49219,0,1,3214,13.95214153,9.207371558
388,194,217,-1,-1,-15,1812,18378.78516,1,1,2689,10.14281742,6.834802959
389,194,218,-1,-1,1,1779,17578.78516,1,1,2189,9.881273275,8.030509436
390,194,240,-1,-1,1,2219,16115.43262,1,1,2707,7.262475267,5.95324441
391,195,202,-1,-1,-15,236,3676.345703,1,1,2872,15.57773603,1.28006466
392,195,228,-1,-1,1,753,13644.97461,1,1,982,18.12081621,13.89508616
393,195,367,-1,-1,1,292,562.132019,1,1,341,1.925109654,1.648480994
394,196,204,-1,-1,1,894,9859.188477,1,1,1124,11.02817503,8.771519997
395,196,205,-1,-1,-11,6436,-1,1,1,-1,-1,-1
396,196,225,-1,-1,1,2828,42033.80859,0,1,3331,14.8634401,12.61897586
397,196,244,-1,-1,-11,6400,-1,1,1,-1,-1,-1
398,198,199,-1,-1,1,1090,2086.395996,0,1,1224,1.914124767,1.704571892
399,198,200,-1,-1,1,102,362.1320496,1,1,241,3.550314211,1.502622612
400,198,201,-1,-1,-15,409,924.2640991,1,1,582,2.259814423,1.588082645
401,198,216,-1,-1,1,369,8432.589844,1,1,665,22.852547,12.68058623
402,198,227,-1,-1,-15,1041,9846.803711,1,1,1938,9.458985313,5.080910068
403,199,207,-1,-1,1,3014,34638.58203,0,1,3614,11.49256205,9.584555072
404,199,227,-1,-1,1,545,9837.363281,1,1,807,18.05020786,12.19004124
405,200,201,-1,-1,1,186,562.132019,1,1,341,3.022215156,1.648480994
406,200,216,-1,-1,1,345,8087.615234,1,1,482,23.442363,16.77928472
407,201,216,-1,-1,1,463,8287.615234,1,1,582,17.89981692,14.23988872
408,201,217,-1,-1,1,2203,37954.625,1,1,2497,17.22860872,15.20009011
409,202,220,-1,-1,-15,1026,14316.04297,1,1,4138,13.95325825,3.459652723
410,202,228,-1,-1,1,874,9618.986328,1,1,1248,11.00570518,7.707521096
411,202,240,-1,-1,-15,2122,14864.57031,0,1,5569,7.004981297,2.669163281
412,202,367,-1,-1,1,123,300,1,1,200,2.43902439,1.5
413,203,206,-1,-1,1,100,141.4213562,1,1,141,1.414213562,1.002988342
414,203,207,-1,-1,1,100,141.4213562,1,1,141,1.414213562,1.002988342
415,204,225,-1,-1,1,1878,32798.88672,1,1,2348,17.46479591,13.96886146
416,204,233,-1,-1,1,2617,43047.41406,1,0,3048,16.44914561,14.12316734
417,204,244,-1,-1,-11,6109,-1,1,0,-1,-1,-1
418,205,208,-1,-1,1,100,141.4213562,1,1,141,1.414213562,1.002988342
419,205,214,-1,-1,-15,1417,1948.528198,1,0,1707,1.375108115,1.141492793
420,205,244,-1,-1,-15,4140,47600.92188,1,1,5418,11.49780722,8.785699866
421,206,207,-1,-1,-15,99,282.8427124,1,1,282,2.856997095,1.002988342
422,206,214,-1,-1,1,1866,7211.27002,1,1,2372,3.864560568,3.040164426
423,206,215,-1,-1,1,1992,7269.848633,0,1,2431,3.649522406,2.990476607
424,206,234,-1,-1,-15,2810,45283.55859,1,1,3472,16.11514541,13.0424996
425,206,236,-1,-1,1,3185,36146.29688,1,1,4262,11.34891582,8.481064494
426,207,227,-1,-1,1,2762,39012.48828,1,1,3207,14.12472421,12.16479211
427,207,234,-1,-1,1,2736,44900.71484,1,1,3089,16.41107999,14.53567978
428,208,214,-1,-1,1,1291,1807.106812,1,0,1565,1.399772898,1.154700838
429,208,215,-1,-1,1,781,1207.106812,1,1,965,1.545591308,1.250887888
430,208,244,-1,-1,1,4077,47459.50391,1,1,5276,11.64079075,8.995357071
431,214,215,-1,-1,1,100,141.4213562,1,1,141,1.414213562,1.002988342
432,214,236,-1,-1,1,2469,33862.84766,1,1,3397,13.71520764,9.968456773
433,215,236,-1,-1,1,2371,33921.42578,1,1,3455,14.30680126,9.818068244
434,215,244,-1,-1,1,4044,46990.76953,1,1,4769,11.61987377,9.853380065
435,215,295,-1,-1,1,3887,49626.30078,1,0,5228,12.76725001,9.492406423
436,216,217,-1,-1,1,1925,37358.07422,1,1,2289,19.4067918,16.32069647
437,216,227,-1,-1,1,110,300,1,1,200,2.727272727,1.5
438,216,240,-1,-1,-15,2893,33465.89453,1,1,6194,11.56788612,5.402953589
439,216,253,-1,-1,-15,2507,31038.07813,1,1,4087,12.38056567,7.59434258
440,217,218,-1,-1,1,273,700,1,1,400,2.564102564,1.75
441,217,240,-1,-1,1,1294,4217.76709,1,1,2048,3.259479977,2.059456587
442,217,253,-1,-1,-15,2629,6694.112793,1,0,4345,2.546258194,1.540647363
443,218,240,-1,-1,1,858,4962.741699,1,1,2431,5.784081235,2.041440436
444,219,221,-1,-1,1,526,3169.848389,1,1,665,6.026327735,4.766689306
445,219,223,-1,-1,1,601,3369.848389,1,1,765,5.607068866,4.405030573
446,219,228,-1,-1,-15,3625,34888.9375,1,1,13463,9.624534483,2.591468283
447,219,251,-1,-1,-11,5146,-1,1,0,-1,-1,-1
448,219,256,-1,-1,-11,5209,-1,1,1,-1,-1,-1
449,219,367,-1,-1,1,1413,14406.60156,1,1,1914,10.19575482,7.526960064
450,220,224,-1,-1,-15,1340,4383.452148,1,1,2755,3.271232947,1.591089709
451,220,228,-1,-1,1,1453,3376.345703,1,1,1748,2.323706609,1.931547885
452,220,240,-1,-1,1,490,582.8427124,1,1,582,1.189474923,1.001447959
453,221,223,-1,-1,1,111,362.1320496,1,1,241,3.262450897,1.502622612
454,221,232,-1,-1,1,1397,18005.38281,1,1,1748,12.88860617,10.30056225
455,221,367,-1,-1,-15,1823,17876.45117,1,1,2879,9.80606208,6.209257093
456,223,232,-1,-1,1,1298,17688.22461,1,1,1589,13.62729169,11.13167062
457,223,256,-1,-1,-11,5304,-1,1,1,-1,-1,-1
458,223,258,-1,-1,-11,5320,-1,0,1,-1,-1,-1
459,223,278,-1,-1,-15,4838,36435.63672,0,1,11739,7.531136155,3.103810948
460,224,228,-1,-1,1,100,141.4213562,1,1,141,1.414213562,1.002988342
461,224,240,-1,-1,-15,1548,3397.056396,0,1,2572,2.194480876,1.32078398
462,225,233,-1,-1,1,658,10404.16309,1,1,782,15.811798,13.30455638
463,225,244,-1,-1,-11,5222,-1,1,1,-1,-1,-1
464,225,295,-1,-1,-15,4780,57844.17188,0,1,5676,12.10129119,10.19100984
465,227,229,-1,-1,1,461,907.1068115,1,1,524,1.967693734,1.731119869
466,227,231,-1,-1,-15,633,1131.37085,1,1,707,1.787315718,1.600241654
467,227,234,-1,-1,-15,2181,16110.76465,1,1,2597,7.38687054,6.203605949
468,227,253,-1,-1,1,2174,29793.10156,1,1,2962,13.70427855,10.05844077
469,228,240,-1,-1,-15,1230,2472.792236,1,1,1648,2.010400192,1.500480726
470,228,251,-1,-1,-15,1543,4742.03125,1,1,3214,3.073254213,1.47542976
471,228,256,-1,-1,-15,2893,6373.401855,0,1,4562,2.203042466,1.397063099
472,228,259,-1,-1,1,569,1389.949463,1,1,765,2.442793432,1.816927402
473,229,231,-1,-1,1,100,141.4213562,1,1,141,1.414213562,1.002988342
474,229,234,-1,-1,-15,1610,15120.81543,1,0,2031,9.391810826,7.445010059
475,229,253,-1,-1,-15,2661,31441.63086,0,1,4069,11.81571998,7.727114981
476,231,234,-1,-1,1,1473,14979.39355,1,1,1889,10.16930995,7.929800717
477,231,253,-1,-1,-15,2733,31665.89453,1,1,4252,11.58649635,7.447294104
478,231,254,-1,-1,1,2205,22332.08594,1,1,2497,10.12793013,8.943566655
479,232,256,-1,-1,-11,5375,-1,1,0,-1,-1,-1
480,232,258,-1,-1,-11,5320,-1,1,0,-1,-1,-1
481,232,278,-1,-1,-15,3691,25042.74609,1,1,10939,6.784813355,2.289308538
482,232,367,-1,-1,1,1620,11778.78418,1,1,1989,7.270854432,5.921962886
483,233,244,-1,-1,-11,5161,-1,1,0,-1,-1,-1
484,233,260,-1,-1,1,2790,49613.09766,1,1,3165,17.78247228,15.67554428
485,233,295,-1,-1,1,4279,47340.01172,1,1,4794,11.06333529,9.874845999
486,234,236,-1,-1,-15,1647,18553.91016,1,1,2514,11.26527635,7.380234748
487,234,245,-1,-1,1,1495,15456.85449,1,1,1689,10.33903311,9.151482825
488,234,254,-1,-1,1,1042,11649.1377,1,1,1465,11.17959472,7.951629826
489,234,257,-1,-1,-15,1133,18431.98047,1,1,2048,16.26829697,8.999990463
490,235,239,-1,-1,1,100,141.4213562,1,1,141,1.414213562,1.002988342
491,235,240,-1,-1,1,77,300,1,1,200,3.896103896,1.5
492,236,244,-1,-1,-15,3724,43470.5625,0,1,7018,11.67308338,6.194152536
493,236,245,-1,-1,1,499,2797.056396,1,1,624,5.60532344,4.482462174
494,236,295,-1,-1,1,1953,26504.87695,1,1,2997,13.57136557,8.843802787
495,239,240,-1,-1,1,146,300,1,1,200,2.054794521,1.5
496,239,246,-1,-1,1,122,300,1,1,200,2.459016393,1.5
497,239,259,-1,-1,1,116,300,1,1,200,2.586206897,1.5
498,239,275,-1,-1,-15,1041,1707.106812,1,1,1607,1.639872057,1.06229422
499,240,241,-1,-1,-15,588,962.132019,1,1,741,1.636278944,1.298423777
500,240,246,-1,-1,1,63,300,1,1,200,4.761904762,1.5
501,240,253,-1,-1,1,133,300,1,1,200,2.255639098,1.5
502,240,259,-1,-1,1,70,200,1,1,200,2.857142857,1
503,241,253,-1,-1,1,52,300,1,1,200,5.769230769,1.5
504,242,247,-1,-1,1,100,141.4213562,1,1,141,1.414213562,1.002988342
505,242,259,-1,-1,1,148,362.1320496,1,1,241,2.446838173,1.502622612
506,244,295,-1,-1,1,1564,14462.74219,1,1,2007,9.247277613,7.20614957
507,245,257,-1,-1,1,807,11985.89063,1,1,965,14.85240474,12.42061205
508,245,261,-1,-1,-15,1673,18504.26758,1,1,5752,11.06053053,3.21701453
509,245,295,-1,-1,1,1751,23704.26758,1,1,2431,13.53756001,9.750829938
510,246,253,-1,-1,1,216,582.8427124,1,1,341,2.698345891,1.709216165
511,246,275,-1,-1,-15,1562,2872.792236,1,1,2672,1.839175567,1.075146795
512,247,248,-1,-1,1,100,141.4213562,1,1,141,1.414213562,1.002988342
513,247,259,-1,-1,1,144,362.1320496,1,1,241,2.5148059,1.502622612
514,248,252,-1,-1,1,782,1700,1,1,900,2.173913043,1.888888889
515,248,259,-1,-1,1,208,424.2640686,1,1,282,2.039731099,1.504482513
516,251,252,-1,-1,1,118,300,1,1,200,2.542372881,1.5
517,251,255,-1,-1,1,553,1224.264038,1,1,682,2.21385902,1.79510856
518,251,256,-1,-1,1,306,707.1068115,1,1,424,2.310806574,1.667704744
519,251,259,-1,-1,-15,796,2089.949463,1,1,1365,2.625564652,1.531098508
520,252,255,-1,-1,1,596,1389.949463,1,1,765,2.332129971,1.816927402
521,252,259,-1,-1,1,531,1348.528198,1,1,724,2.539601127,1.862608009
522,253,254,-1,-1,-15,3830,54080.82422,1,1,6791,14.12031964,7.963602447
523,253,274,-1,-1,1,2097,29561.62695,1,1,2472,14.09710394,11.95858696
524,253,275,-1,-1,-15,1462,4000.609619,1,1,3538,2.736395088,1.130754556
525,254,257,-1,-1,1,199,6600,1,1,400,33.16582915,16.5
526,254,273,-1,-1,-15,1289,10746.19434,1,0,2414,8.336845877,4.451613229
527,254,274,-1,-1,-15,3880,43032.19141,1,1,6418,11.09077098,6.704922313
528,254,277,-1,-1,-15,1423,10646.19434,1,1,2414,7.481513939,4.410188209
529,255,256,-1,-1,1,303,762.132019,1,1,441,2.515287192,1.728190519
530,255,258,-1,-1,-15,900,1444.974731,1,0,1124,1.605527479,1.285564708
531,255,259,-1,-1,-15,2054,3566.295166,1,1,2297,1.736268338,1.552588231
532,255,271,-1,-1,-15,3071,37267.51563,1,1,4231,12.13530304,8.808205064
533,255,275,-1,-1,-15,3238,5928.427246,1,0,4121,1.830891676,1.43858948
534,256,258,-1,-1,1,100,141.4213562,1,1,141,1.414213562,1.002988342
535,256,271,-1,-1,-15,2519,35963.96094,0,1,3248,14.27707858,11.07264807
536,257,261,-1,-1,-15,1209,5328.427246,1,1,3638,4.407301279,1.464658396
537,257,263,-1,-1,-15,1050,4424.873535,1,1,2955,4.214165272,1.497419132
538,257,273,-1,-1,1,1118,3359.188232,1,1,1889,3.004640637,1.778289165
539,257,277,-1,-1,1,1258,3259.188232,0,1,1889,2.59076966,1.725351102
540,258,271,-1,-1,1,2396,35822.53906,1,1,3107,14.95097624,11.52962313
541,258,278,-1,-1,1,3400,47975.23047,1,1,4414,14.1103619,10.86887867
542,259,271,-1,-1,-11,5058,-1,1,1,-1,-1,-1
543,259,275,-1,-1,1,117,241.4213562,1,1,241,2.063430395,1.001748366
544,260,268,-1,-1,1,772,11652.69141,1,1,1265,15.09415985,9.21161376
545,260,295,-1,-1,1,2233,24013.70898,1,1,2955,10.75401208,8.126466661
546,261,262,-1,-1,1,100,141.4213562,1,1,141,1.414213562,1.002988342
547,261,263,-1,-1,-15,308,703.5534058,1,1,482,2.284264304,1.459654369
548,261,267,-1,-1,1,357,9700,1,1,400,27.17086835,24.25
549,261,295,-1,-1,1,540,12398.27539,1,1,1148,22.95976924,10.79989146
550,262,263,-1,-1,1,188,562.132019,1,1,341,2.990063931,1.648480994
551,262,267,-1,-1,1,424,9758.073242,1,1,707,23.01432368,13.80208379
552,263,265,-1,-1,1,100,141.4213562,1,1,141,1.414213562,1.002988342
553,263,267,-1,-1,1,472,9475.230469,1,1,565,20.07464082,16.77031941
554,263,273,-1,-1,-15,141,282.8427124,1,1,282,2.005976684,1.002988342
555,263,280,-1,-1,-15,865,8790.55957,0,1,1948,10.16249661,4.512607582
556,265,267,-1,-1,-15,641,9581.118164,1,0,1955,14.94714222,4.900827705
557,265,273,-1,-1,1,100,141.4213562,1,1,141,1.414213562,1.002988342
558,267,273,-1,-1,-15,560,8394.112305,1,0,1431,14.98948626,5.865906572
559,267,280,-1,-1,1,106,300,1,1,200,2.830188679,1.5
560,267,295,-1,-1,-15,599,12930.86621,1,1,2131,21.58742272,6.06798039
561,268,281,-1,-1,-15,2182,21031.47461,1,0,2614,9.638622644,8.045705665
562,268,295,-1,-1,1,1616,12523.14941,1,1,1831,7.749473647,6.839513607
563,269,270,-1,-1,1,83,300,1,1,200,3.614457831,1.5
564,269,272,-1,-1,1,100,141.4213562,1,1,141,1.414213562,1.002988342
565,269,276,-1,-1,-15,431,1065.685425,1,0,824,2.472587993,1.293307554
566,269,367,-1,-1,1,112,300,1,1,200,2.678571429,1.5
567,270,272,-1,-1,1,70,300,1,1,200,4.285714286,1.5
568,270,276,-1,-1,-15,315,665.6854248,1,1,524,2.113287063,1.270392032
569,270,367,-1,-1,-15,556,1082.842773,0,1,782,1.947558945,1.384709429
570,271,275,-1,-1,-11,5820,-1,1,1,-1,-1,-1
571,271,278,-1,-1,1,1439,14844.97461,1,1,1782,10.31617416,8.330513249
572,271,306,-1,-1,-11,7294,-1,1,1,-1,-1,-1
573,271,335,-1,-1,-11,6398,-1,1,1,-1,-1,-1
574,272,276,-1,-1,1,100,141.4213562,1,1,141,1.414213562,1.002988342
575,272,367,-1,-1,1,105,300,1,1,200,2.857142857,1.5
576,273,277,-1,-1,1,31,300,1,1,200,9.677419355,1.5
577,273,280,-1,-1,1,288,7183.452148,1,1,341,24.94254218,21.06584208
578,274,275,-1,-1,1,2210,29162.74219,1,1,2607,13.19581094,11.18632228
579,274,277,-1,-1,1,2991,32568.83789,1,1,3845,10.88894614,8.470438983
580,274,294,-1,-1,1,3841,45944.57422,0,1,4721,11.96161786,9.731958106
581,274,297,-1,-1,1,3695,46061.73047,1,1,4838,12.46596224,9.520820684
582,274,306,-1,-1,-11,6179,-1,1,1,-1,-1,-1
583,274,327,-1,-1,-11,5092,-1,1,1,-1,-1,-1
584,275,306,-1,-1,1,4490,54619.80469,1,1,5818,12.16476719,9.388072308
585,276,367,-1,-1,1,61,300,1,1,200,4.918032787,1.5
586,277,280,-1,-1,1,198,7383.452148,1,1,441,37.29016237,16.74252188
587,277,294,-1,-1,-15,2394,12266.9043,1,1,3897,5.124020174,3.147781446
588,277,297,-1,-1,-15,2640,12549.74707,1,0,4179,4.753692072,3.003050268
589,278,298,-1,-1,1,2965,32594.2168,1,1,4021,10.99299049,8.105997711
590,278,315,-1,-1,-15,4783,44762.33984,1,1,27279,9.358632625,1.640908385
591,278,335,-1,-1,-11,5547,-1,1,1,-1,-1,-1
592,278,367,-1,-1,1,843,5438.477539,1,1,1124,6.451337532,4.838503149
593,280,282,-1,-1,1,1664,24233.80859,1,1,1907,14.5635869,12.70781783
594,280,286,-1,-1,1,482,2844.974854,1,1,682,5.902437455,4.171517381
595,280,288,-1,-1,-15,1933,25058.07422,1,1,2389,12.96330792,10.48893856
596,280,289,-1,-1,-15,608,2986.395996,1,1,824,4.91183552,3.624266986
597,280,291,-1,-1,-15,761,3155.63501,0,1,2231,4.146695151,1.414448682
598,280,292,-1,-1,1,894,2914.213623,1,1,1989,3.259746782,1.46516522
599,280,294,-1,-1,1,2175,4004.163086,1,1,2655,1.840994522,1.508159354
600,280,295,-1,-1,1,672,11544.46973,1,1,865,17.17927043,13.34620778
601,281,295,-1,-1,-15,338,7949.137695,1,1,1107,23.51815886,7.180792859
602,281,301,-1,-1,1,100,141.4213562,1,1,141,1.414213562,1.002988342
603,282,285,-1,-1,1,1903,24300.60938,1,1,2265,12.76963183,10.72874586
604,282,288,-1,-1,1,308,762.132019,1,1,441,2.474454607,1.728190519
605,282,295,-1,-1,1,1404,18197.66602,1,1,1624,12.96130058,11.20545937
606,285,288,-1,-1,1,1779,23672.79297,1,1,1941,13.30679762,12.19618391
607,285,295,-1,-1,1,831,12385.89063,1,1,1165,14.9048022,10.63166577
608,285,302,-1,-1,1,1570,20100.10547,1,1,2489,12.80261495,8.075574716
609,285,319,-1,-1,1,3463,49854.625,1,1,4038,14.39636876,12.34636578
610,286,288,-1,-1,1,2182,27572.79297,1,0,2707,12.63647707,10.18573807
611,286,289,-1,-1,1,100,141.4213562,1,1,141,1.414213562,1.002988342
612,287,290,-1,-1,1,100,141.4213562,1,1,141,1.414213562,1.002988342
613,287,295,-1,-1,1,100,141.4213562,1,1,141,1.414213562,1.002988342
614,288,289,-1,-1,-15,2300,27714.21289,1,1,2848,12.04965778,9.731114077
615,288,302,-1,-1,-15,3369,31724.36914,0,1,10325,9.416553618,3.072578125
616,288,312,-1,-1,1,3459,52606.20313,1,0,3962,15.20850047,13.27768883
617,288,319,-1,-1,1,3042,46074.01172,1,1,3307,15.14596046,13.93226844
618,289,291,-1,-1,1,100,141.4213562,1,1,141,1.414213562,1.002988342
619,289,292,-1,-1,-15,141,282.8427124,1,1,282,2.005976684,1.002988342
620,289,311,-1,-1,-15,3096,34532.80078,1,1,11088,11.15400542,3.114430085
621,289,312,-1,-1,-15,3312,35049.95703,1,1,11563,10.5827165,3.031216556
622,289,313,-1,-1,-15,2012,13830.86621,0,1,3979,6.874187978,3.475965371
623,289,319,-1,-1,-15,3655,42843.46094,0,1,12746,11.72187714,3.36132598
624,290,295,-1,-1,-15,141,282.8427124,1,1,282,2.005976684,1.002988342
625,290,302,-1,-1,-15,822,6718.986328,1,1,2214,8.173949304,3.034772506
626,291,292,-1,-1,1,100,141.4213562,1,1,141,1.414213562,1.002988342
627,292,294,-1,-1,1,1918,2893.50293,1,1,2289,1.508604239,1.264090402
628,292,296,-1,-1,1,1843,3231.37085,1,1,2448,1.753321134,1.320004432
629,292,311,-1,-1,-15,2933,34149.95703,1,1,10705,11.64335391,3.190094071
630,292,313,-1,-1,1,1741,13448.02344,1,1,3597,7.724309843,3.738677631
631,294,296,-1,-1,1,173,424.2640686,1,1,282,2.45239346,1.504482513
632,294,297,-1,-1,1,100,141.4213562,1,1,141,1.414213562,1.002988342
633,295,301,-1,-1,1,269,7183.452148,1,1,341,26.70428308,21.06584208
634,295,302,-1,-1,1,251,4887.615234,1,1,382,19.47257065,12.79480428
635,295,304,-1,-1,-15,251,5729.036621,1,1,924,22.8248471,6.200256083
636,296,297,-1,-1,1,245,500,1,1,300,2.040816327,1.666666667
637,296,313,-1,-1,1,1089,10240.91602,1,1,1231,9.403963283,8.319184416
638,297,313,-1,-1,1,1321,10620.20605,1,1,1531,8.039520102,6.936777305
639,297,327,-1,-1,-15,1419,12182.33789,1,1,2914,8.585157076,4.180623847
640,298,299,-1,-1,1,100,141.4213562,1,1,141,1.414213562,1.002988342
641,298,315,-1,-1,1,2657,24620.20508,1,1,3314,9.266166759,7.429150597
642,298,367,-1,-1,-15,3571,22071.17188,1,1,6184,6.180669805,3.569076953
643,299,315,-1,-1,1,2637,24503.04883,1,1,3255,9.292017,7.52781838
644,299,318,-1,-1,-15,3286,25871.78125,1,1,9481,7.873335743,2.728803001
645,299,321,-1,-1,1,2847,18229.14063,1,1,3669,6.402929619,4.968422084
646,299,325,-1,-1,1,2948,18584.16602,1,0,3887,6.303991186,4.781107799
647,299,337,-1,-1,1,3305,26787.7207,1,1,4262,8.1052105,6.285246528
648,299,367,-1,-1,-15,3606,21954.01563,1,1,6125,6.088190689,3.584329082
649,301,304,-1,-1,1,337,8432.589844,1,1,665,25.02252179,12.68058623
650,301,334,-1,-1,-15,2009,21562.23633,1,0,3904,10.73282047,5.523113814
651,302,304,-1,-1,1,301,700,1,1,400,2.325581395,1.75
652,302,308,-1,-1,-15,760,7708.326172,1,1,1831,10.14253444,4.209899602
653,302,319,-1,-1,1,3169,42678.99219,1,1,3745,13.46765295,11.3962596
654,304,308,-1,-1,1,932,6666.904785,1,1,1189,7.153331315,5.607152889
655,304,334,-1,-1,1,1373,12391.77832,1,1,2497,9.025330168,4.962666528
656,306,327,-1,-1,-11,7006,-1,1,1,-1,-1,-1
657,306,335,-1,-1,-11,7323,-1,1,1,-1,-1,-1
658,306,352,-1,-1,1,3280,34929.14063,1,1,3821,10.64912824,9.141361064
659,306,355,-1,-1,1,3144,41835.02734,1,1,3797,13.30630641,11.01791608
660,306,357,-1,-1,-11,7824,-1,0,1,-1,-1,-1
661,307,318,-1,-1,1,1614,16292.99805,1,1,2938,10.09479433,5.545608593
662,307,321,-1,-1,-15,1999,17991.7793,1,1,4104,9.000389843,4.383961817
663,307,326,-1,-1,1,1740,15420.20605,1,0,2289,8.862187388,6.736656206
664,307,338,-1,-1,1,1751,15108.32617,1,1,2189,8.628398728,6.90193064
665,307,367,-1,-1,1,1663,14164.57031,1,1,2072,8.517480645,6.836182583
666,308,319,-1,-1,-15,2941,41247.51953,1,1,6701,14.02499814,6.155427478
667,308,334,-1,-1,1,878,5700.609863,1,1,1365,6.49272194,4.176270962
668,308,339,-1,-1,-15,3394,31053.40625,0,1,5735,9.149500958,5.414717742
669,310,318,-1,-1,1,130,300,1,1,200,2.307692308,1.5
670,310,336,-1,-1,1,122,362.1320496,1,1,241,2.968295488,1.502622612
671,311,312,-1,-1,1,496,965.6854248,1,1,724,1.946946421,1.333819648
672,311,313,-1,-1,-15,1262,19398.38086,1,1,5884,15.37114173,3.296801642
673,311,320,-1,-1,1,407,9413.098633,1,1,524,23.12800647,17.96392869
674,311,362,-1,-1,-15,529,9854.520508,1,1,865,18.62858319,11.39250926
675,312,319,-1,-1,1,1027,7793.50293,1,1,1182,7.588610448,6.593488096
676,312,320,-1,-1,1,756,9958.073242,1,1,1048,13.17205455,9.501978285
677,312,332,-1,-1,1,842,9895.941406,1,1,1007,11.75289953,9.827151347
678,313,314,-1,-1,1,52,200,1,1,200,3.846153846,1
679,313,323,-1,-1,1,526,1189.949463,0,1,665,2.262261336,1.789397689
680,313,324,-1,-1,1,482,1307.106812,1,1,724,2.711839858,1.805396149
681,313,327,-1,-1,1,127,300,1,1,200,2.362204724,1.5
682,313,362,-1,-1,-15,398,6098.275391,1,1,1572,15.32229998,3.879310045
683,314,323,-1,-1,1,285,1410.660156,1,1,765,4.949684759,1.844000204
684,314,324,-1,-1,1,439,1527.817505,1,0,824,3.480222107,1.854147457
685,314,327,-1,-1,1,111,241.4213562,1,1,241,2.174967173,1.001748366
686,315,335,-1,-1,1,844,6652.691406,1,1,1007,7.882335789,6.606446282
687,315,337,-1,-1,1,1657,4038.477539,1,1,2089,2.437222413,1.933210885
688,315,340,-1,-1,-15,1360,7497.666016,0,1,1689,5.512989717,4.439115462
689,317,318,-1,-1,1,155,300,1,1,200,1.935483871,1.5
690,317,326,-1,-1,1,340,707.1068115,1,1,424,2.079725916,1.667704744
691,317,367,-1,-1,1,421,1044.974731,1,1,582,2.482125253,1.795489229
692,318,321,-1,-1,-15,3153,7542.640625,1,1,5711,2.392210791,1.320721524
693,318,322,-1,-1,1,192,624.2640991,1,1,382,3.251375516,1.634199212
694,318,326,-1,-1,1,477,741.4213867,1,1,641,1.55434253,1.15666363
695,318,336,-1,-1,1,242,562.132019,1,1,341,2.322859583,1.648480994
696,318,367,-1,-1,1,40,300,1,1,200,7.5,1.5
697,319,332,-1,-1,-15,1886,17689.44531,1,1,2189,9.379345341,8.081062272
698,319,334,-1,-1,1,2959,34539.80078,1,0,4328,11.67279513,7.980545467
699,319,339,-1,-1,1,1279,12101.21973,1,1,1989,9.461469685,6.084072261
700,319,342,-1,-1,-15,1657,12863.35156,1,1,2431,7.763036549,5.29138279
701,320,332,-1,-1,1,138,362.1320496,1,1,241,2.624145287,1.502622612
702,320,362,-1,-1,1,132,300,1,1,200,2.272727273,1.5
703,321,325,-1,-1,1,204,424.2640686,1,1,282,2.079725826,1.504482513
704,321,337,-1,-1,-15,2495,25784.16602,0,1,14398,10.33433508,1.790815809
705,321,338,-1,-1,1,852,1976.345581,1,1,1048,2.319654438,1.885825936
706,322,336,-1,-1,1,148,300,1,1,200,2.027027027,1.5
707,322,367,-1,-1,1,238,624.2640991,1,1,382,2.6229584,1.634199212
708,323,324,-1,-1,1,207,562.132019,1,1,341,2.715613619,1.648480994
709,323,327,-1,-1,-15,87,1652.081543,1,1,1007,18.98944302,1.640597361
710,323,329,-1,-1,-15,243,2444.974854,1,1,582,10.06162491,4.200987721
711,324,329,-1,-1,-15,412,2955.63501,1,1,1889,7.173871383,1.564655908
712,324,362,-1,-1,-15,265,7643.250488,1,1,2555,28.84245467,2.991487471
713,325,337,-1,-1,-15,2229,25763.45508,1,1,14398,11.55830196,1.78937735
714,325,338,-1,-1,1,838,1955.634888,1,1,1048,2.333693183,1.866063824
715,325,363,-1,-1,-15,2470,22835.63867,1,0,11691,9.245197843,1.953266502
716,325,367,-1,-1,-15,2086,3604.163086,0,1,2355,1.727786714,1.530430185
717,326,367,-1,-1,1,349,762.132019,1,1,441,2.183759367,1.728190519
718,327,328,-1,-1,-15,302,5208.326172,1,1,824,17.24611315,6.320784189
719,327,329,-1,-1,1,131,603.5534058,1,1,241,4.607277907,2.504370978
720,327,331,-1,-1,1,124,1700,1,1,200,13.70967742,8.5
721,327,333,-1,-1,-15,734,5511.879395,1,1,1007,7.509372472,5.473564443
722,327,343,-1,-1,-15,2115,17082.94727,0,1,2597,8.077043624,6.57795428
723,327,352,-1,-1,-15,4896,65605.69531,1,1,7549,13.39985607,8.690647147
724,327,362,-1,-1,1,283,4766.904785,1,1,382,16.84418652,12.47880834
725,328,333,-1,-1,-15,355,665.6854248,1,1,524,1.875170211,1.270392032
726,328,362,-1,-1,1,100,141.4213562,1,1,141,1.414213562,1.002988342
727,329,331,-1,-1,1,102,2052.081543,1,1,241,20.1184465,8.514861174
728,329,362,-1,-1,-15,503,6011.879395,1,1,1265,11.95204651,4.75247383
729,330,336,-1,-1,1,101,300,1,1,200,2.97029703,1.5
730,330,367,-1,-1,1,100,141.4213562,1,1,141,1.414213562,1.002988342
731,331,362,-1,-1,-15,325,7108.326172,1,1,1224,21.87177284,5.807456023
732,332,342,-1,-1,-15,2845,31759.90234,1,1,5828,11.16341031,5.449537121
733,332,344,-1,-1,-15,1088,2114.213623,1,1,1731,1.943211051,1.221382798
734,332,362,-1,-1,1,158,362.1320496,1,1,241,2.291974997,1.502622612
735,332,364,-1,-1,-15,2660,8953.300781,1,1,4345,3.365902549,2.060598569
736,333,343,-1,-1,1,1183,11371.06738,1,1,1389,9.61206034,8.186513595
737,333,352,-1,-1,-15,4442,60554.73047,1,0,6718,13.63231213,9.013803285
738,333,362,-1,-1,1,124,362.1320496,1,1,241,2.920419755,1.502622612
739,334,339,-1,-1,1,2710,24345.68945,1,1,3362,8.983649245,7.241430533
740,334,347,-1,-1,1,1990,24910.76563,1,1,2655,12.51797268,9.382585923
741,334,350,-1,-1,-15,2250,25193.60742,0,1,2938,11.19715885,8.575087618
742,334,361,-1,-1,-15,2374,30077.06055,1,1,3538,12.66935996,8.501147696
743,335,337,-1,-1,-15,1679,9101.219727,1,0,3055,5.420619253,2.97912266
744,335,340,-1,-1,1,89,362.1320496,1,1,241,4.068899433,1.502622612
745,335,355,-1,-1,-11,7639,-1,1,0,-1,-1,-1
746,335,357,-1,-1,-15,1561,16116.04297,1,1,1889,10.32417871,8.531520894
747,335,363,-1,-1,-15,1543,7839.087402,1,0,1972,5.080419574,3.975196451
748,336,367,-1,-1,1,38,300,1,1,200,7.894736842,1.5
749,337,340,-1,-1,-15,1538,8497.666016,1,1,2572,5.525140452,3.303913692
750,337,346,-1,-1,-15,870,1486.396118,0,1,1165,1.708501285,1.275876496
751,337,363,-1,-1,1,228,562.132019,1,1,341,2.465491312,1.648480994
752,337,367,-1,-1,-15,3966,18930.86523,0,1,8814,4.773289267,2.147817703
753,338,363,-1,-1,-15,2979,20093.60742,1,0,9876,6.745084734,2.034589654
754,338,367,-1,-1,1,342,824.2640991,1,1,482,2.410128945,1.710091492
755,338,370,-1,-1,-15,3727,6704.772949,1,0,6284,1.798973155,1.066959413
756,339,342,-1,-1,1,285,762.132019,1,1,441,2.674147435,1.728190519
757,339,347,-1,-1,-15,1940,21558.07422,1,0,2614,11.11240939,8.247159227
758,339,350,-1,-1,1,1712,21075.23047,1,1,2131,12.31029817,9.889831285
759,340,346,-1,-1,1,767,6569.848633,1,1,965,8.565643589,6.808133298
760,340,357,-1,-1,1,1110,15412.48926,1,1,1307,13.88512546,11.79226416
761,340,363,-1,-1,-15,1142,7235.533691,1,0,1489,6.335843863,4.859324172
762,341,362,-1,-1,1,95,300,1,1,200,3.157894737,1.5
763,342,350,-1,-1,1,1552,20413.09961,1,1,1831,13.15277037,11.14860711
764,342,351,-1,-1,1,884,6589.949707,1,1,1265,7.454694239,5.209446409
765,342,356,-1,-1,1,1236,6927.817383,0,1,1424,5.605030245,4.865040297
766,342,364,-1,-1,-15,2456,28350.9668,1,1,3897,11.54355326,7.275074877
767,343,352,-1,-1,-15,3557,49207.92578,1,1,5411,13.83410902,9.094053924
768,343,354,-1,-1,-15,2515,46455.84375,1,1,4045,18.47150845,11.48475742
769,343,358,-1,-1,1,996,2555.63501,1,1,1348,2.565898604,1.895871669
770,343,362,-1,-1,-15,1442,11933.2002,1,1,1831,8.275450898,6.51731305
771,344,345,-1,-1,1,100,141.4213562,1,1,141,1.414213562,1.002988342
772,344,360,-1,-1,-15,728,1955.634888,1,1,1431,2.686311659,1.366621165
773,344,362,-1,-1,-15,435,741.4213867,1,1,541,1.704416981,1.37046467
774,344,364,-1,-1,-15,1814,7991.168945,1,1,3121,4.405275053,2.56045144
775,345,360,-1,-1,-15,642,1631.37085,1,1,1389,2.54107609,1.174493052
776,345,362,-1,-1,1,133,362.1320496,1,1,241,2.722797365,1.502622612
777,346,357,-1,-1,-15,1309,18691.7793,1,1,1607,14.27943415,11.63147436
778,346,363,-1,-1,1,95,300,1,1,200,3.157894737,1.5
779,347,348,-1,-1,1,100,141.4213562,1,1,141,1.414213562,1.002988342
780,347,350,-1,-1,-15,141,282.8427124,1,1,282,2.005976684,1.002988342
781,347,361,-1,-1,1,748,5166.294922,1,1,882,6.906811393,5.857477236
782,348,350,-1,-1,1,100,141.4213562,1,1,141,1.414213562,1.002988342
783,348,361,-1,-1,1,668,5028.427246,1,1,824,7.527585698,6.10246025
784,350,351,-1,-1,-15,1309,17135.5332,1,0,1889,13.09055249,9.071219271
785,350,356,-1,-1,1,1154,16852.69141,1,1,1607,14.60371872,10.48705128
786,350,359,-1,-1,-15,695,5111.27002,1,1,1007,7.354345352,5.075739841
787,350,361,-1,-1,1,547,4769.848633,1,1,765,8.720015782,6.235096252
788,351,353,-1,-1,1,100,141.4213562,1,1,141,1.414213562,1.002988342
789,351,356,-1,-1,-15,141,282.8427124,1,1,282,2.005976684,1.002988342
790,351,364,-1,-1,1,2023,21678.17383,1,1,2589,10.71585459,8.373184175
791,351,373,-1,-1,1,1326,14501.8291,1,0,1565,10.9365227,9.266344474
792,352,354,-1,-1,1,1064,2776.345703,1,1,1448,2.609347465,1.917365817
793,352,355,-1,-1,1,1229,11331.37109,1,1,1565,9.219992753,7.240492712
794,352,372,-1,-1,1,2385,31477.56445,1,1,3207,13.19814023,9.815267993
795,352,376,-1,-1,1,3414,57649.85156,1,1,3855,16.88630684,14.9545659
796,353,356,-1,-1,1,100,141.4213562,1,1,141,1.414213562,1.002988342
797,353,364,-1,-1,1,2083,21678.17383,0,1,2589,10.40718859,8.373184175
798,353,373,-1,-1,1,1232,14363.96094,1,1,1507,11.6590592,9.531493655
799,354,358,-1,-1,1,2006,43634.52344,1,1,2472,21.7520057,17.65150624
800,354,372,-1,-1,1,2234,32164.57031,1,1,3189,14.39774857,10.08609919
801,355,357,-1,-1,-11,7099,-1,1,1,-1,-1,-1
802,355,376,-1,-1,1,3151,58503.65625,1,1,3689,18.5666951,15.85894721
803,355,377,-1,-1,-11,7760,-1,1,0,-1,-1,-1
804,355,393,-1,-1,-11,6346,-1,1,1,-1,-1,-1
805,356,359,-1,-1,1,1129,12472.79199,1,1,1365,11.0476457,9.137576551
806,356,365,-1,-1,-15,1665,21239.08789,1,1,2548,12.75620894,8.335591794
807,356,373,-1,-1,1,1175,14246.80371,1,1,1448,12.12493933,9.838952839
808,357,363,-1,-1,1,1124,18052.08203,1,1,1241,16.0605712,14.5463997
809,357,366,-1,-1,1,1698,31086.39648,1,1,2182,18.307654,14.24674449
810,357,377,-1,-1,-15,3240,48033.19922,1,1,4131,14.82506149,11.62749921
811,357,393,-1,-1,-11,6672,-1,0,1,-1,-1,-1
812,358,362,-1,-1,1,2431,13586.50098,1,1,2504,5.588852726,5.42591892
813,358,372,-1,-1,1,2887,33762.94922,1,1,3404,11.69482134,9.918610229
814,358,381,-1,-1,-15,3396,26546.29883,1,1,8301,7.816931339,3.19796396
815,359,361,-1,-1,1,100,141.4213562,1,1,141,1.414213562,1.002988342
816,359,365,-1,-1,-15,710,8769.848633,1,1,1265,12.35189948,6.932686666
817,359,373,-1,-1,1,1844,26529.64648,1,1,2648,14.38701002,10.01874867
818,360,362,-1,-1,1,125,300,1,1,200,2.4,1.5
819,360,364,-1,-1,1,924,5694.112793,1,1,1348,6.162459733,4.224119283
820,360,371,-1,-1,1,504,7683.452148,1,1,641,15.24494474,11.98666482
821,361,365,-1,-1,1,748,8387.005859,1,1,882,11.21257468,9.509076938
822,361,396,-1,-1,-15,4291,36833.91406,1,0,5269,8.583993023,6.990684013
823,362,371,-1,-1,1,331,7745.584473,1,1,682,23.40055732,11.35716198
824,362,381,-1,-1,-15,1185,8745.583984,1,1,1582,7.380239649,5.528182038
825,363,366,-1,-1,1,1807,20584.16602,1,1,2397,11.3913481,8.587470178
826,363,367,-1,-1,1,3905,16003.04785,0,1,6107,4.098091639,2.620443401
827,363,368,-1,-1,1,1460,12036.75293,1,1,2938,8.244351322,4.09692067
828,363,370,-1,-1,1,2609,13361.01758,1,0,4262,5.12112594,3.134917311
829,364,371,-1,-1,-15,984,10698.27539,1,1,1507,10.87223109,7.099054672
830,364,373,-1,-1,1,1201,11474.62109,1,1,1648,9.554222393,6.962755518
831,364,381,-1,-1,1,562,10156.85449,1,1,1065,18.07269483,9.536952575
832,365,373,-1,-1,1,1753,29350.35742,1,1,2148,16.74293065,13.66403977
833,365,396,-1,-1,1,3044,28005.48633,1,1,3945,9.200225469,7.098982593
834,366,368,-1,-1,1,2395,11961.62695,1,1,2872,4.994416264,4.164911892
835,366,377,-1,-1,1,1584,16946.80469,1,1,1948,10.69874033,8.699591729
836,366,379,-1,-1,-15,3644,27442.13477,0,1,5428,7.530772438,5.055662263
837,366,382,-1,-1,1,2846,31301.93359,1,1,3862,10.99857119,8.105109683
838,367,368,-1,-1,-15,3162,3572.792236,0,1,3472,1.129915318,1.029030022
839,367,370,-1,-1,1,2286,2614.213623,1,1,2514,1.143575513,1.039862221
840,367,408,-1,-1,1,273,7183.452148,1,1,341,26.31301153,21.06584208
841,368,370,-1,-1,1,145,241.4213562,1,1,241,1.66497487,1.001748366
842,368,379,-1,-1,1,1392,14773.40234,1,1,1889,10.6130764,7.820752961
843,368,382,-1,-1,1,2933,32804.87891,1,0,3497,11.18475244,9.380863285
844,370,379,-1,-1,-15,1260,15194.1123,1,1,2231,12.05881929,6.810449263
845,370,391,-1,-1,-15,958,14351.57617,1,1,5262,14.98076845,2.727399501
846,370,408,-1,-1,-15,1848,11322.54004,1,1,3738,6.126915606,3.029036929
847,371,381,-1,-1,1,104,300,1,1,200,2.884615385,1.5
848,372,376,-1,-1,1,1950,28993.60742,1,1,2472,14.86851663,11.72880559
849,372,381,-1,-1,-11,5115,-1,1,1,-1,-1,-1
850,372,403,-1,-1,1,4662,72625.58594,1,1,6221,15.57820376,11.67426233
851,373,381,-1,-1,1,1134,16830.25586,1,1,1548,14.84149547,10.87225831
852,373,396,-1,-1,1,1871,27542.13477,1,1,3155,14.72054237,8.729678214
853,376,393,-1,-1,1,4586,77052.5,1,1,5776,16.80167902,13.34011427
854,376,395,-1,-1,1,4612,77052.5,0,1,5776,16.7069601,13.34011427
855,376,397,-1,-1,-15,4668,77414.63281,1,0,6018,16.58411157,12.86384726
856,376,403,-1,-1,1,4910,85517.67969,1,1,6001,17.41704271,14.25057152
857,376,438,-1,-1,-11,6252,-1,1,1,-1,-1,-1
858,377,382,-1,-1,-15,1754,21063.45508,1,1,3504,12.00881133,6.011260011
859,377,386,-1,-1,1,1019,17600.71484,1,1,1289,17.27253665,13.65454992
860,377,393,-1,-1,-15,3926,39565.28516,1,1,6276,10.07775985,6.30422007
861,377,401,-1,-1,1,4094,38216.75781,1,0,5169,9.334821156,7.393452856
862,379,382,-1,-1,1,2179,27069.95313,1,1,2755,12.42310836,9.82575431
863,379,391,-1,-1,1,239,7183.452148,1,1,341,30.05628514,21.06584208
864,379,400,-1,-1,1,2247,28152.79492,1,1,3297,12.52905871,8.538912624
865,380,381,-1,-1,1,100,141.4213562,1,1,141,1.414213562,1.002988342
866,380,387,-1,-1,1,256,700,1,1,400,2.734375,1.75
867,380,388,-1,-1,-15,379,841.4213867,1,0,541,2.2201092,1.555307554
868,381,384,-1,-1,1,100,141.4213562,1,1,141,1.414213562,1.002988342
869,381,387,-1,-1,-15,378,841.4213867,1,1,541,2.225982505,1.555307554
870,381,388,-1,-1,-15,493,982.8427124,1,1,682,1.993595766,1.441118347
871,381,396,-1,-1,-15,672,10660.40723,1,1,1165,15.86370123,9.150564143
872,381,403,-1,-1,1,4480,45702.64844,1,1,6642,10.20148403,6.880856434
873,381,407,-1,-1,-15,2489,22302.54297,1,1,3462,8.960443137,6.442097911
874,382,386,-1,-1,-15,939,3262.741699,1,1,2114,3.474698295,1.543397209
875,382,390,-1,-1,-15,872,2355.63501,1,0,1589,2.701416296,1.48246382
876,382,400,-1,-1,1,577,1507.106812,1,1,824,2.611970211,1.829013121
877,384,387,-1,-1,-15,1838,3189.949463,1,0,2889,1.735554659,1.104170808
878,384,396,-1,-1,1,519,10177.56445,1,1,682,19.60995078,14.92311503
879,384,407,-1,-1,-15,3402,24651.07227,1,1,5811,7.246052988,4.242139437
880,386,390,-1,-1,1,369,907.1068115,1,1,524,2.458284042,1.731119869
881,386,393,-1,-1,-15,4363,31340.30664,0,1,5987,7.183201155,5.234726347
882,386,394,-1,-1,1,428,962.132019,1,1,541,2.247972007,1.778432568
883,386,400,-1,-1,-15,500,1048.528198,1,1,665,2.097056396,1.576734133
884,386,401,-1,-1,1,4206,29991.7793,1,1,4879,7.1307131,6.147116068
885,387,388,-1,-1,1,100,141.4213562,1,1,141,1.414213562,1.002988342
886,387,407,-1,-1,-15,2210,21461.12109,1,0,2921,9.710914522,7.347182846
887,388,407,-1,-1,1,2084,21319.70117,1,1,2779,10.2301829,7.671716866
888,390,394,-1,-1,1,100,141.4213562,1,1,141,1.414213562,1.002988342
889,390,400,-1,-1,1,100,141.4213562,1,1,141,1.414213562,1.002988342
890,391,392,-1,-1,-15,1153,2234.924316,1,0,1772,1.938355869,1.261243971
891,391,398,-1,-1,1,77,300,1,1,200,3.896103896,1.5
892,391,400,-1,-1,1,2436,32235.63867,1,1,3621,13.2330208,8.902413331
893,391,405,-1,-1,-15,2105,9932.589844,1,1,7601,4.718569997,1.306747776
894,391,406,-1,-1,-15,2493,9691.168945,1,1,7359,3.887352164,1.31691384
895,391,408,-1,-1,1,116,362.1320496,1,1,241,3.121828013,1.502622612
896,392,398,-1,-1,1,242,762.132019,1,1,441,3.149305864,1.728190519
897,392,408,-1,-1,1,155,362.1320496,1,1,241,2.336335804,1.502622612
898,393,395,-1,-1,1,100,141.4213562,1,1,141,1.414213562,1.002988342
899,393,397,-1,-1,-15,222,503.5534058,1,1,382,2.268258585,1.318202633
900,393,399,-1,-1,-15,505,1107.106812,1,1,865,2.192290716,1.279892268
901,393,401,-1,-1,-15,632,1248.528198,1,1,1007,1.975519301,1.239849253
902,394,400,-1,-1,-15,100,282.8427124,1,1,282,2.828427124,1.002988342
903,394,401,-1,-1,1,4398,30891.7793,1,1,5179,7.024051682,5.964815466
904,394,416,-1,-1,-15,4647,18620.81445,1,1,6135,4.007061427,3.03517758
905,394,424,-1,-1,-15,3289,22739.19141,1,0,7325,6.913709762,3.104326472
906,395,397,-1,-1,1,110,362.1320496,1,1,241,3.292109541,1.502622612
907,395,399,-1,-1,-15,408,965.6854248,1,1,724,2.366876041,1.333819648
908,395,438,-1,-1,-15,4640,52561.22656,0,1,5352,11.32785055,9.820856981
909,396,407,-1,-1,-15,3484,35170.05859,1,1,6835,10.09473553,5.145582823
910,397,399,-1,-1,1,243,503.5534058,1,1,382,2.072236238,1.318202633
911,397,401,-1,-1,-15,360,644.9747314,1,1,524,1.791596476,1.230867808
912,397,438,-1,-1,1,4358,52099.09375,1,1,5011,11.95481729,10.39694547
913,398,405,-1,-1,-15,1433,8501.219727,1,1,6311,5.932463173,1.347047968
914,398,408,-1,-1,1,478,907.1068115,1,1,524,1.897712995,1.731119869
915,399,401,-1,-1,1,100,141.4213562,1,1,141,1.414213562,1.002988342
916,400,406,-1,-1,-15,2937,25583.55664,1,1,8994,8.710778563,2.844513747
917,400,416,-1,-1,1,4136,17579.39453,0,1,5111,4.250337169,3.439521528
918,400,424,-1,-1,1,2539,21697.77148,1,1,6301,8.545794204,3.443544118
919,401,416,-1,-1,-11,6226,-1,1,1,-1,-1,-1
920,401,419,-1,-1,-11,6274,-1,1,0,-1,-1,-1
921,401,421,-1,-1,-15,4480,54834.01953,1,1,7425,12.2397365,7.385053136
922,401,436,-1,-1,-11,6488,-1,0,1,-1,-1,-1
923,401,438,-1,-1,-15,4229,52740.51563,1,1,5452,12.47115527,9.673608882
924,403,407,-1,-1,1,1427,21374.72656,1,1,1855,14.97878526,11.52276365
925,403,411,-1,-1,1,2635,28840.91602,1,1,3155,10.94531917,9.141336297
926,403,438,-1,-1,1,3938,36190.05469,1,1,5204,9.189958021,6.954276458
927,405,406,-1,-1,1,100,141.4213562,1,1,141,1.414213562,1.002988342
928,405,408,-1,-1,-15,488,4355.634766,1,1,2589,8.925481077,1.682361825
929,405,409,-1,-1,-15,549,941.4213867,1,1,641,1.714793054,1.46867611
930,406,409,-1,-1,1,315,700,1,1,400,2.222222222,1.75
931,406,424,-1,-1,-15,1006,1948.528198,1,1,1548,1.936906758,1.258739146
932,407,411,-1,-1,1,2678,27258.17773,1,1,3121,10.17855778,8.733796134
933,407,420,-1,-1,1,2308,27975.33594,1,1,2779,12.12102944,10.06669159
934,407,438,-1,-1,-15,4541,47817.47266,1,0,5318,10.53016354,8.991627051
935,408,409,-1,-1,1,1139,2810.660156,1,1,1365,2.467655976,2.05909169
936,408,410,-1,-1,1,495,848.5281372,1,1,565,1.714198257,1.501819712
937,408,413,-1,-1,1,1219,1993.50293,1,0,1389,1.635359253,1.435207293
938,409,410,-1,-1,1,1378,3104.163086,1,1,1614,2.252658263,1.923273287
939,409,412,-1,-1,1,103,362.1320496,1,1,241,3.515845141,1.502622612
940,409,413,-1,-1,-15,760,1689.949463,1,1,1107,2.223617714,1.526602948
941,409,424,-1,-1,1,349,565.6854248,1,1,424,1.620875143,1.334163738
942,410,413,-1,-1,1,703,1348.528198,1,1,865,1.918247793,1.558992137
943,411,420,-1,-1,1,699,3210.660156,1,1,965,4.593219108,3.32710897
944,411,438,-1,-1,1,1848,22659.29297,1,1,2372,12.26152217,9.552821656
945,412,413,-1,-1,1,473,1186.396118,1,1,724,2.508237036,1.638668671
946,412,424,-1,-1,1,296,565.6854248,1,1,424,1.911099408,1.334163738
947,413,424,-1,-1,1,529,1186.396118,1,1,724,2.242714779,1.638668671
948,416,419,-1,-1,1,162,424.2640686,1,1,282,2.618914004,1.504482513
949,416,423,-1,-1,-15,710,1448.528198,1,1,865,2.040180561,1.674599073
950,416,424,-1,-1,1,877,4069.848389,1,1,1165,4.640648106,3.493432093
951,416,425,-1,-1,-15,1740,5476.955078,0,1,2572,3.147675332,2.129453763
952,416,431,-1,-1,-15,834,1589.949463,1,1,1007,1.906414224,1.578897183
953,416,436,-1,-1,-15,3390,25670.45898,0,1,4021,7.57240678,6.38409823
954,419,423,-1,-1,1,436,1024.264038,1,1,582,2.349229445,1.759903846
955,419,431,-1,-1,-15,563,1165.685425,1,1,724,2.070489209,1.610062741
956,419,436,-1,-1,-15,3112,25246.19336,1,0,3738,8.11253,6.753930808
957,419,438,-1,-1,-11,5162,-1,1,0,-1,-1,-1
958,420,438,-1,-1,1,1443,19035.0293,1,1,1731,13.19128849,10.99655072
959,421,436,-1,-1,-15,3288,8142.640625,0,1,4279,2.47647221,1.902930737
960,421,437,-1,-1,-15,2202,6601.219238,0,1,2738,2.9978289,2.410963929
961,421,438,-1,-1,1,109,300,1,1,200,2.752293578,1.5
962,423,431,-1,-1,1,100,141.4213562,1,1,141,1.414213562,1.002988342
963,424,425,-1,-1,1,100,141.4213562,1,1,141,1.414213562,1.002988342
964,424,431,-1,-1,-15,1662,5742.640625,1,1,2072,3.4552591,2.771544703
965,425,431,-1,-1,-15,2043,7149.747559,1,1,3479,3.499631698,2.055115711
966,431,432,-1,-1,1,494,1044.974731,1,1,582,2.115333464,1.795489229
967,431,436,-1,-1,-15,1960,23214.82227,1,1,2148,11.84429707,10.80764538
968,432,436,-1,-1,1,1342,22107.7168,1,1,1524,16.47370849,14.50637585
969,436,437,-1,-1,1,1200,1341.421387,1,1,1341,1.117851156,1.000314233
970,436,438,-1,-1,-15,2695,6873.401855,1,0,3131,2.550427405,2.195273668
971,437,438,-1,-1,1,1239,5331.980469,1,1,1589,4.303454777,3.355557249
